post_id,user_id,user_name,fullname,content
8589280394525853,100045920405173,,Phạm Nhật Trường Vỹ,"❗️Chúc mừng tân tổng thống thứ 47 của Mỹ: Donald Trump❗️
Trump hay Harris thì khung pháp lí Crypto và uptrend là điều chắc chắn. Nhưng Trump lên sẽ có nhiều câu chuyện để bullish market hơn là Harris, đặc biệt là ngách meme
Bộ đôi bullish crypto: Trump + Elon Musk. Elon ủng hộ Trump, giúp Trump thắng ở PA và mua lại twitter để phe dân chủ không thao túng được truyền thông là các bước đi quá đỉnh cao của Elon Musk.
Elon thì ae k xa lạ với các con hang meme như $DOGE, $GROK,... Trump cũng có hệ meme Trump trên dex.
➡️ Meme crypto chắc chắn sẽ tiếp tục bùng nổ trong năm sau và trong dài hạn, tạo thành 1 cult bền vững cho market
Tiếp, đây là những thứ Trump đã nói và ""sẽ"" làm khi đắc cử:
- Sa thải Gensler
- Lập quỹ chiến lược dự trữ bitcoin
- Không bán Bitcoin của chính phủ
- Giảm án cho Ross Ulbricht - founder Silk Road sử dung cryptocurrency 2011 - 2013
- Ngừng CBDC
- Mỹ thành cường quốc Crypto
Tóm lại là:
📈📈📈 uptrend"
